Kimlik,Tür,"Stok kodu (SKU)","GTIN, UPC, EAN veya ISBN",İsim,Yayımlanmış,"Öne çıkan?","Katalogda görünürlük","Kısa açıklama",Açıklama,"İndirimli fiyatın başladığı tarih","İndirimli fiyatın bittiği tarih","Vergi durumu","Vergi sınıfı",Stokta?,Stok,"Düşük stok miktarı","Ön Siparişe İzin Ver?","Ayrı ayrı mı satılıyor?","Ağırlık (kg)","Uzunluk (cm)","Genişlik (cm)","Yükseklik (cm)","Müşteri değerlendirmelerine izin verilsin mi?","Satın alma notu","İndirimli satış fiyatı","Normal fiyat",Kategoriler,Etiketler,"Gönderim sınıfı",Görseller,"İndirme sınırı","İndirme sona erme günü",Ebeveyn,"Gruplanmış ürünler","Yukarı satışlar","Çapraz satışlar","Harici URL","Düğme metni",Konum,Markalar,"Meta: _wp_page_template","Meta: _product_video_gallery","Meta: _product_video_code","Meta: _product_video_autoplay","Meta: _et_quantity_type","Meta: _et_quantity_ranges","Meta: _sale_price_time_start","Meta: _sale_price_time_end","Meta: _et_gtin","Meta: _et_primary_category","Meta: _et_sale_counter","Meta: _et_single_layout","Meta: _et_additional_block","Meta: _et_product_slider","Meta: _et_single_thumbnail_hover","Meta: _et_product_view_hover","Meta: _et_product_view_color","Meta: _et_product_video_thumbnail","Meta: _yoast_wpseo_primary_brand","Meta: _yoast_wpseo_primary_product_brand","Meta: _yoast_wpseo_primary_product_cat","Meta: _yoast_wpseo_content_score","Meta: _yoast_wpseo_estimated-reading-time-minutes"
59314,simple,,,"HD UYDU ALICI GÖZ MAG-19 5 PİNLİ DISPLAYLİ",-1,0,visible,,,,,taxable,,1,,,0,0,,,,,1,,,"163,8","Diğerleri, Elektronik, Elektronik > Uydu Sistemleri > Mini Cihaz Aparatları, Elektronik > Uydu Sistemleri",,,https://baserelektrik.com/wp-content/uploads/2025/12/6804.jpg,,,,,,,,,0,
59315,simple,,,"HD UYDU ALICI GÖZ MAG-24 5 PİNLİ IŞIKLI",-1,0,visible,,,,,taxable,,1,,,0,0,,,,,1,,,"46,8","Diğerleri, Elektronik, Elektronik > Uydu Sistemleri > Mini Cihaz Aparatları, Elektronik > Uydu Sistemleri",,,https://baserelektrik.com/wp-content/uploads/2025/12/12083.jpg,,,,,,,,,0,
59316,simple,,,"HD UYDU ALICI GÖZ MAG-25 5 PİNLİ IŞIKLI PRİVATE NATURAL1453*DIGILINE DG-550*MAGBOX VİP",-1,0,visible,,,,,taxable,,1,,,0,0,,,,,1,,,"93,6","Diğerleri, Elektronik, Elektronik > Uydu Sistemleri > Mini Cihaz Aparatları, Elektronik > Uydu Sistemleri",,,https://baserelektrik.com/wp-content/uploads/2025/12/5334.jpg,,,,,,,,,0,
59317,simple,,,"HD UYDU ALICI GÖZ MAG-26 MAGBOX SIGMA/BOTECH 500HD DISPLAYLİ",-1,0,visible,,,,,taxable,,1,,,0,0,,,,,1,,,"177,3","Diğerleri, Elektronik, Elektronik > Uydu Sistemleri > Mini Cihaz Aparatları, Elektronik > Uydu Sistemleri",,,https://baserelektrik.com/wp-content/uploads/2025/12/15596.jpg,,,,,,,,,0,
59320,simple,,,"HD UYDU ALICI GÖZ MAG-32 5 PİNLİ DISPLAYLİ MERCURY+VIP+SUNGATE VIPSTAR (5334 DISPLAY MODEL)",-1,0,visible,,,,,taxable,,1,,,0,0,,,,,1,,,162,"Diğerleri, Elektronik, Elektronik > Uydu Sistemleri > Mini Cihaz Aparatları, Elektronik > Uydu Sistemleri",,,https://baserelektrik.com/wp-content/uploads/2025/12/5337.jpg,,,,,,,,,0,
59321,simple,,,"HD UYDU ALICI GÖZ MAG-33 5 PİNLİ DISPLAYLİ NEXT KANKY HD",-1,0,visible,,,,,taxable,,1,,,0,0,,,,,1,,,"158,4","Diğerleri, Elektronik, Elektronik > Uydu Sistemleri > Mini Cihaz Aparatları, Elektronik > Uydu Sistemleri",,,https://baserelektrik.com/wp-content/uploads/2025/12/2195.jpg,,,,,,,,,0,
59322,simple,,,"HD UYDU ALICI GÖZ NEXT TANGO MAG-21 5 PİNLİ IŞIKLI",-1,0,visible,,,,,taxable,,1,,,0,0,,,,,1,,,"88,2","Diğerleri, Elektronik, Elektronik > Uydu Sistemleri > Mini Cihaz Aparatları, Elektronik > Uydu Sistemleri",,,https://baserelektrik.com/wp-content/uploads/2025/12/13325.jpg,,,,,,,,,0,
59343,simple,,,"MAGBOX 802.11N MİNİ 7601 CHİPSET 2.4GHZ 150 MBPS HD UYDU ALICI UYUMLU USB STİCK WİFİ ADAPTÖR",-1,0,visible,,,,,taxable,,1,,,0,0,,,,,1,,,"259,2","Diğerleri, Elektronik, Elektronik > Uydu Sistemleri > Mini Cihaz Aparatları, Elektronik > Uydu Sistemleri",,,https://baserelektrik.com/wp-content/uploads/2025/12/11139.jpg,,,,,,,,,0,
59344,simple,,,"SD ALICI GÖZ MAG-28 IŞIKLI MAGBOX KING*BOTECH 100 SD*JAMESON JS-2080*SLINE MİNİ SD",-1,0,visible,,,,,taxable,,1,,,0,0,,,,,1,,,"28,8","Diğerleri, Elektronik, Elektronik > Uydu Sistemleri > Mini Cihaz Aparatları, Elektronik > Uydu Sistemleri",,,https://baserelektrik.com/wp-content/uploads/2025/12/5328.jpg,,,,,,,,,0,
59345,simple,,,"SD UYDU ALICI GÖZ MAG-02 3.5 MM ST IŞIKLI",-1,0,visible,,,,,taxable,,1,,,0,0,,,,,1,,,"51,3","Diğerleri, Elektronik, Elektronik > Uydu Sistemleri > Mini Cihaz Aparatları, Elektronik > Uydu Sistemleri",,,https://baserelektrik.com/wp-content/uploads/2025/12/3106.jpg,,,,,,,,,0,
59346,simple,,,"SD UYDU ALICI GÖZ MAG-04 3.5 MM ST KISA JACK IŞIKSIZ (IR-01)",-1,0,visible,,,,,taxable,,1,,,0,0,,,,,1,,,"17,1","Diğerleri, Elektronik, Elektronik > Uydu Sistemleri > Mini Cihaz Aparatları, Elektronik > Uydu Sistemleri",,,https://baserelektrik.com/wp-content/uploads/2025/12/5332.jpg,,,,,,,,,0,
59347,simple,,,"SD UYDU ALICI GÖZ MAG-06 3.5 MM ST IŞIKLI",-1,0,visible,,,,,taxable,,1,,,0,0,,,,,1,,,"17,1","Diğerleri, Elektronik, Elektronik > Uydu Sistemleri > Mini Cihaz Aparatları, Elektronik > Uydu Sistemleri",,,https://baserelektrik.com/wp-content/uploads/2025/12/3108.jpg,,,,,,,,,0,
59348,simple,,,"SD UYDU ALICI GÖZ MAG-07 3.5 MM ST IŞIKLI",-1,0,visible,,,,,taxable,,1,,,0,0,,,,,1,,,"76,5","Diğerleri, Elektronik, Elektronik > Uydu Sistemleri > Mini Cihaz Aparatları, Elektronik > Uydu Sistemleri",,,https://baserelektrik.com/wp-content/uploads/2025/12/3109.jpg,,,,,,,,,0,
59349,simple,,,"SD UYDU ALICI GÖZ MAG-08 3.5 MM ST IŞIKLI",-1,0,visible,,,,,taxable,,1,,,0,0,,,,,1,,,"46,8","Diğerleri, Elektronik, Elektronik > Uydu Sistemleri > Mini Cihaz Aparatları, Elektronik > Uydu Sistemleri",,,https://baserelektrik.com/wp-content/uploads/2025/12/3112.jpg,,,,,,,,,0,
59350,simple,,,"SD UYDU ALICI GÖZ MAG-20 3.5 MM ST IŞIKLI",-1,0,visible,,,,,taxable,,1,,,0,0,,,,,1,,,"58,5","Diğerleri, Elektronik, Elektronik > Uydu Sistemleri > Mini Cihaz Aparatları, Elektronik > Uydu Sistemleri",,,https://baserelektrik.com/wp-content/uploads/2025/12/13251.jpg,,,,,,,,,0,
59351,simple,,,"SD UYDU ALICI GÖZ MAG-23 3.5 MM ST IŞIKLI",-1,0,visible,,,,,taxable,,1,,,0,0,,,,,1,,,"46,8","Diğerleri, Elektronik, Elektronik > Uydu Sistemleri > Mini Cihaz Aparatları, Elektronik > Uydu Sistemleri",,,https://baserelektrik.com/wp-content/uploads/2025/12/13627.jpg,,,,,,,,,0,
59352,simple,,,"SD-HD UYDU ALICI GÖZ MAG-05 3.5 MM ST KISA JACK IŞIKLI",-1,0,visible,,,,,taxable,,1,,,0,0,,,,,1,,,"46,8","Diğerleri, Elektronik, Elektronik > Uydu Sistemleri > Mini Cihaz Aparatları, Elektronik > Uydu Sistemleri",,,https://baserelektrik.com/wp-content/uploads/2025/12/5330.jpg,,,,,,,,,0,
59375,simple,,,"SD-HD UYDU ALICI GÖZ MAG-22 3.5 MM ST IŞIKLI UZUN JACKLI",-1,0,visible,,,,,taxable,,1,,,0,0,,,,,1,,,"46,8","Diğerleri, Elektronik, Elektronik > Uydu Sistemleri > Mini Cihaz Aparatları, Elektronik > Uydu Sistemleri",,,https://baserelektrik.com/wp-content/uploads/2025/12/5331.jpg,,,,,,,,,0,
59376,simple,,,"ALICI GÖZ MAG-31 TUŞLU 5 PİNLİ DISPLAYLİ",-1,0,visible,,,,,taxable,,1,,,0,0,,,,,1,,,"164,7","Diğerleri, Elektronik, Elektronik > Uydu Sistemleri > Mini Cihaz Aparatları, Elektronik > Uydu Sistemleri",,,https://baserelektrik.com/wp-content/uploads/2025/12/18570.jpg,,,,,,,,,0,
59377,simple,,,"HD UYDU ALICI GÖZ MAG-18 5 PİNLİ DISPLAYLİ NEXT COOL",-1,0,visible,,,,,taxable,,1,,,0,0,,,,,1,,,"149,4","Diğerleri, Elektronik, Elektronik > Uydu Sistemleri > Mini Cihaz Aparatları, Elektronik > Uydu Sistemleri",,,https://baserelektrik.com/wp-content/uploads/2025/12/6803.jpg,,,,,,,,,0,
59378,simple,,,"SD UYDU ALICI GÖZ MAG-01 3.5 MM ST KISA JACK IŞIKLI",-1,0,visible,,,,,taxable,,1,,,0,0,,,,,1,,,"90,9","Diğerleri, Elektronik, Elektronik > Uydu Sistemleri > Mini Cihaz Aparatları, Elektronik > Uydu Sistemleri",,,https://baserelektrik.com/wp-content/uploads/2025/12/5333.jpg,,,,,,,,,0,
59379,simple,,,"HD UYDU ALICI GÖZ MAG-15 5 PİNLİ DISPLAYLİ",-1,0,visible,,,,,taxable,,1,,,0,0,,,,,1,,,"169,2","Diğerleri, Elektronik, Elektronik > Uydu Sistemleri > Mini Cihaz Aparatları, Elektronik > Uydu Sistemleri",,,https://baserelektrik.com/wp-content/uploads/2025/12/3115.jpg,,,,,,,,,0,
59380,simple,,,"MİNİ CİHAZ BANTI (2Lİ)",-1,0,visible,,,,,taxable,,1,,,0,0,,,,,1,,,117,"Diğerleri, Elektronik, Elektronik > Uydu Sistemleri > Mini Cihaz Aparatları, Elektronik > Uydu Sistemleri",,,https://baserelektrik.com/wp-content/uploads/2025/12/8802.jpg,,,,,,,,,0,
59381,simple,,,"SD UYDU ALICI GÖZ MAG-11 3.5 MM ST IŞIKLI (EXCLUSIVE UYUMLU)",-1,0,visible,,,,,taxable,,1,,,0,0,,,,,1,,,"113,4","Diğerleri, Elektronik, Elektronik > Uydu Sistemleri > Mini Cihaz Aparatları, Elektronik > Uydu Sistemleri",,,https://baserelektrik.com/wp-content/uploads/2025/12/3113.jpg,,,,,,,,,0,
59382,simple,,,"HD UYDU ALICI GÖZ MAG-12 5 PİNLİ IŞIKLI",-1,0,visible,,,,,taxable,,1,,,0,0,,,,,1,,,"81,9","Diğerleri, Elektronik, Elektronik > Uydu Sistemleri > Mini Cihaz Aparatları, Elektronik > Uydu Sistemleri",,,https://baserelektrik.com/wp-content/uploads/2025/12/3114.jpg,,,,,,,,,0,
59383,simple,,,"7 PİN PS2 ERKEK TO 9 PİN RS232 DİŞİ 1.8 METRE ÇEVİRİCİ KABLO",-1,0,visible,,,,,taxable,,1,,,0,0,,,,,1,,,"91,8","Diğerleri, Elektronik, Elektronik > Uydu Sistemleri > Mini Cihaz Aparatları, Elektronik > Uydu Sistemleri",,,https://baserelektrik.com/wp-content/uploads/2025/12/4771.jpg,,,,,,,,,0,
59384,simple,,,"SD UYDU ALICI GÖZ MAG-03 3.5 MM ST IŞIKLI (EXCLUSIVE UYUMLU)",-1,0,visible,,,,,taxable,,1,,,0,0,,,,,1,,,"79,2","Diğerleri, Elektronik, Elektronik > Uydu Sistemleri > Mini Cihaz Aparatları, Elektronik > Uydu Sistemleri",,,https://baserelektrik.com/wp-content/uploads/2025/12/3107.jpg,,,,,,,,,0,
59385,simple,,,"EMATIC AGT419 4K ULTRA HD ANDROID TV BOX NETFLIX GOOGLE SERTİFİKALI",-1,0,visible,,,,,taxable,,1,,,0,0,,,,,1,,,"10363,5","Diğerleri, Elektronik, Elektronik > Uydu Sistemleri > Uydu Alıcılar, Elektronik > Uydu Sistemleri",,,https://baserelektrik.com/wp-content/uploads/2025/12/6429.jpg,,,,,,,,,0,
59408,simple,,,"FOBEM VISION S HİBRİT 4GB RAM 32GB HDD 1.5GHZ SES KOMUTLU UYDU ALICILI ANDROID 14 TV BOX (TUNERLİ)",-1,0,visible,,,,,taxable,,1,,,0,0,,,,,1,,,5850,"Diğerleri, Elektronik, Elektronik > Uydu Sistemleri > Uydu Alıcılar, Elektronik > Uydu Sistemleri",,,https://baserelektrik.com/wp-content/uploads/2025/12/27200-1.jpg,,,,,,,,,0,
59409,simple,,,"HIREMCO V10 ETHERNETLİ USB GİRİŞLİ YOUTUBE ÖZELLİKLİ LINUX TABANLI WİFİ ANTENLİ FULL HD UYDU ALICISI",-1,0,visible,,,,,taxable,,1,,,0,0,,,,,1,,,2556,"Diğerleri, Elektronik, Elektronik > Uydu Sistemleri > Uydu Alıcılar, Elektronik > Uydu Sistemleri",,,https://baserelektrik.com/wp-content/uploads/2025/12/22552.jpg,,,,,,,,,0,
59410,simple,,,"HUMAX HTR-1000S USB PVR MİNİ KASALI HD UYDU ALICISI",-1,0,visible,,,,,taxable,,1,,,0,0,,,,,1,,,"902,7","Diğerleri, Elektronik, Elektronik > Uydu Sistemleri > Uydu Alıcılar, Elektronik > Uydu Sistemleri",,,https://baserelektrik.com/wp-content/uploads/2025/12/33825.jpg,,,,,,,,,0,
59411,simple,,,"MAGBOX ELECTROBOX 2 GB RAM H313 İŞLEMCİ 16 GB HDD 4K ULTRA HD ANDROID BOX (ANDROID 10)",-1,0,visible,,,,,taxable,,1,,,0,0,,,,,1,,,"1907,1","Diğerleri, Elektronik, Elektronik > Uydu Sistemleri > Uydu Alıcılar, Elektronik > Uydu Sistemleri",,,https://baserelektrik.com/wp-content/uploads/2025/12/25810.jpg,,,,,,,,,0,
59412,simple,,,"MAGBOX FORTE FULL HD USB PVR KASALI UYDU ALICISI TKGSLİ (HDMI-RCA)",-1,0,visible,,,,,taxable,,1,,,0,0,,,,,1,,,"1485,9","Diğerleri, Elektronik, Elektronik > Uydu Sistemleri > Uydu Alıcılar, Elektronik > Uydu Sistemleri",,,https://baserelektrik.com/wp-content/uploads/2025/12/16650.jpg,,,,,,,,,0,
59413,simple,,,"MAGBOX HOMEBOX FULL HD UYDU ALICISI 4000 KANAL TKGS / YOUTUBE / USB DESTEKLİ (UZATMA DİSPLAY GÖZLÜ)",-1,0,visible,,,,,taxable,,1,,,0,0,,,,,1,,,1053,"Diğerleri, Elektronik, Elektronik > Uydu Sistemleri > Uydu Alıcılar, Elektronik > Uydu Sistemleri",,,https://baserelektrik.com/wp-content/uploads/2025/12/25808.jpg,,,,,,,,,0,
59414,simple,,,"MAGBOX MAGROID GD1 D COLOR LİSANSLI 16 GB HDD 2 GB RAM 4K ANDROID TV STICK",-1,0,visible,,,,,taxable,,1,,,0,0,,,,,1,,,"5580,9","Diğerleri, Elektronik, Elektronik > Uydu Sistemleri > Uydu Alıcılar, Elektronik > Uydu Sistemleri",,,https://baserelektrik.com/wp-content/uploads/2025/12/26916.jpg,,,,,,,,,0,
59415,simple,,,"MAGBOX MAGROID LUXURY 32 GB HDD 2 GB RAM BLUETOOTH 5G SES KOMUT KUMANDALI ANDROID TV BOX",-1,0,visible,,,,,taxable,,1,,,0,0,,,,,1,,,"3650,4","Diğerleri, Elektronik, Elektronik > Uydu Sistemleri > Uydu Alıcılar, Elektronik > Uydu Sistemleri",,,https://baserelektrik.com/wp-content/uploads/2025/12/26745-1.jpg,,,,,,,,,0,
59416,simple,,,"MAGBOX MAGROID PRO H616 4+64 2.4G+5G SES KOMUTLU BT KUMANDALI ANDROID BOX (ANDROID 12)",-1,0,visible,,,,,taxable,,1,,,0,0,,,,,1,,,5850,"Diğerleri, Elektronik, Elektronik > Uydu Sistemleri > Uydu Alıcılar, Elektronik > Uydu Sistemleri",,,https://baserelektrik.com/wp-content/uploads/2025/12/25328.jpg,,,,,,,,,0,
59417,simple,,,"MAGBOX MAGROID RIO 2 GB RAM 32 GB HDD 4K ULTRA HD ANDROID BOX (ANDROID 10)",-1,0,visible,,,,,taxable,,1,,,0,0,,,,,1,,,"3334,5","Diğerleri, Elektronik, Elektronik > Uydu Sistemleri > Uydu Alıcılar, Elektronik > Uydu Sistemleri",,,https://baserelektrik.com/wp-content/uploads/2025/12/25061.jpg,,,,,,,,,0,
59418,simple,,,"MAGBOX MAGROID TV BOX M2023 ANDROID SES KUMOTLU BT KUMANDALI 8 GB HDD 2 GB RAM 4K (ANDROID 12)",-1,0,visible,,,,,taxable,,1,,,0,0,,,,,1,,,"4123,8","Diğerleri, Elektronik, Elektronik > Uydu Sistemleri > Uydu Alıcılar, Elektronik > Uydu Sistemleri",,,https://baserelektrik.com/wp-content/uploads/2025/12/20960.jpg,,,,,,,,,0,
59439,simple,,,"MAGBOX MAGROID TV STICK M2023 16 GB HDD 2 GB RAM 4K (ANDROID 10)",-1,0,visible,,,,,taxable,,1,,,0,0,,,,,1,,,"4808,7","Diğerleri, Elektronik, Elektronik > Uydu Sistemleri > Uydu Alıcılar, Elektronik > Uydu Sistemleri",,,https://baserelektrik.com/wp-content/uploads/2025/12/20259.jpg,,,,,,,,,0,
59440,simple,,,"MAGBOX MAGROID U2 4 GB RAM 32 GB HDD 4K TV BOX (ANDROID 9.1)",-1,0,visible,,,,,taxable,,1,,,0,0,,,,,1,,,4680,"Diğerleri, Elektronik, Elektronik > Uydu Sistemleri > Uydu Alıcılar, Elektronik > Uydu Sistemleri",,,https://baserelektrik.com/wp-content/uploads/2025/12/6373.jpg,,,,,,,,,0,
59441,simple,,,"MAGBOX MAGROID XS-97MAX 4 GB RAM 32 GB HDD 4K TV BOX (ANDROID 9.1)",-1,0,visible,,,,,taxable,,1,,,0,0,,,,,1,,,4095,"Diğerleri, Elektronik, Elektronik > Uydu Sistemleri > Uydu Alıcılar, Elektronik > Uydu Sistemleri",,,https://baserelektrik.com/wp-content/uploads/2025/12/6376.jpg,,,,,,,,,0,
59442,simple,,,"MAGBOX MAJOR ANDROID 4.2 TUNERSİZ HD MEDIA PLAYER IP BOX TEK KUMANDALI",-1,0,visible,,,,,taxable,,1,,,0,0,,,,,1,,,1521,"Diğerleri, Elektronik, Elektronik > Uydu Sistemleri > Uydu Alıcılar, Elektronik > Uydu Sistemleri",,,https://baserelektrik.com/wp-content/uploads/2025/12/18226.jpg,,,,,,,,,0,
59443,simple,,,"MAGBOX PRESTİGE DVB-T2/C FULL HD YOUTUBELU MİNİ KARASAL UYDU ALICISI (HDMI+SCART)",-1,0,visible,,,,,taxable,,1,,,0,0,,,,,1,,,2457,"Diğerleri, Elektronik, Elektronik > Uydu Sistemleri > Uydu Alıcılar, Elektronik > Uydu Sistemleri",,,https://baserelektrik.com/wp-content/uploads/2025/12/19483.jpg,,,,,,,,,0,
59444,simple,,,"MİRTECH 1801 HD MİNİ UYDU ALICISI",-1,0,visible,,,,,taxable,,1,,,0,0,,,,,1,,,"1088,1","Diğerleri, Elektronik, Elektronik > Uydu Sistemleri > Uydu Alıcılar, Elektronik > Uydu Sistemleri",,,https://baserelektrik.com/wp-content/uploads/2025/12/4856.jpg,,,,,,,,,0,
59445,simple,,,"PLATO CHAMPION KASALI FULL HD UYDU ALICISI (SCART+HD)(HDMI KABLO DAHİL)",-1,0,visible,,,,,taxable,,1,,,0,0,,,,,1,,,"1462,5","Diğerleri, Elektronik, Elektronik > Uydu Sistemleri > Uydu Alıcılar, Elektronik > Uydu Sistemleri",,,https://baserelektrik.com/wp-content/uploads/2025/12/22989.jpg,,,,,,,,,0,
59446,simple,,,"PLATO JUMBO LINUX TABANLI ETHERNET GİRİŞLİ IP TV DAHİLİ WIFI UYDU ALICISI (YOUTUBE-WIFI-DOLBY)",-1,0,visible,,,,,taxable,,1,,,0,0,,,,,1,,,2925,"Diğerleri, Elektronik, Elektronik > Uydu Sistemleri > Uydu Alıcılar, Elektronik > Uydu Sistemleri",,,https://baserelektrik.com/wp-content/uploads/2025/12/20321.jpg,,,,,,,,,0,
59447,simple,,,"PLATO LEGEND ÇİFT USBLİ TKGSLİ MINI HD UYDU ALICISI",-1,0,visible,,,,,taxable,,1,,,0,0,,,,,1,,,"1163,7","Diğerleri, Elektronik, Elektronik > Uydu Sistemleri > Uydu Alıcılar, Elektronik > Uydu Sistemleri",,,https://baserelektrik.com/wp-content/uploads/2025/12/20320.jpg,,,,,,,,,0,
59448,simple,,,"PLATO MULTI MINI SCART HD DISPLAY GÖZLÜ UYDU ALICISI",-1,0,visible,,,,,taxable,,1,,,0,0,,,,,1,,,"1467,9","Diğerleri, Elektronik, Elektronik > Uydu Sistemleri > Uydu Alıcılar, Elektronik > Uydu Sistemleri",,,https://baserelektrik.com/wp-content/uploads/2025/12/23892.jpg,,,,,,,,,0,
59471,simple,,,"PLATO OSCAR ÇİFT USBLİ TKGSLİ DISPLAY GÖZLÜ+TUŞLU HD UYDU ALICISI",-1,0,visible,,,,,taxable,,1,,,0,0,,,,,1,,,1503,"Diğerleri, Elektronik, Elektronik > Uydu Sistemleri > Uydu Alıcılar, Elektronik > Uydu Sistemleri",,,https://baserelektrik.com/wp-content/uploads/2025/12/20322.jpg,,,,,,,,,0,
59472,simple,,,"PLATO TINY PLUS TEK USBLİ WIFI DESTEKLİ HD UYDU ALICISI",-1,0,visible,,,,,taxable,,1,,,0,0,,,,,1,,,"1415,7","Diğerleri, Elektronik, Elektronik > Uydu Sistemleri > Uydu Alıcılar, Elektronik > Uydu Sistemleri",,,https://baserelektrik.com/wp-content/uploads/2025/12/24059.jpg,,,,,,,,,0,,,,,,,,,,,,,,,,,,,,,,,,
59473,simple,,,"WISMANN AL-8500 TKGSLİ HD KASALI UYDU ALICISI (WIFI-3G-YOUTUBE-ETHERNET)",-1,0,visible,,,,,taxable,,1,,,0,0,,,,,1,,,1521,"Diğerleri, Elektronik, Elektronik > Uydu Sistemleri > Uydu Alıcılar, Elektronik > Uydu Sistemleri",,,https://baserelektrik.com/wp-content/uploads/2025/12/10342.jpg,,,,,,,,,0,,,,,,,,,,,,,,,,,,,,,,,,
59474,simple,,,"MAGBOX CRYSTAL CİHAZ ÜZERİNDEN DISPLAY+TUŞLU MODEL TKGSLİ MINI HD UYDU ALICISI",-1,0,visible,,,,,taxable,,1,,,0,0,,,,,1,,,"1210,5","Diğerleri, Elektronik, Elektronik > Uydu Sistemleri > Uydu Alıcılar, Elektronik > Uydu Sistemleri",,,https://baserelektrik.com/wp-content/uploads/2025/12/22987.jpg,,,,,,,,,0,,,,,,,,,,,,,,,,,,,,,,,,
59475,simple,,,"MAGBOX FEDERAL MİNİ HD + SCART TKGSLİ UYDU ALICISI",-1,0,visible,,,,,taxable,,1,,,0,0,,,,,1,,,"1425,6","Diğerleri, Elektronik, Elektronik > Uydu Sistemleri > Uydu Alıcılar, Elektronik > Uydu Sistemleri",,,https://baserelektrik.com/wp-content/uploads/2025/12/22988.jpg,,,,,,,,,0,,,,,,,,,,,,,,,,,,,,,,,,
59476,simple,,,"HIREMCO TURBO PRO 4GB RAM 256 MB DAHİLİ HAFIZA LINUX TABANLI DAHİLİ WİFİ FULL HD MİNİ UYDU ALICISI",-1,0,visible,,,,,taxable,,1,,,0,0,,,,,1,,,5616,"Diğerleri, Elektronik, Elektronik > Uydu Sistemleri > Uydu Alıcılar, Elektronik > Uydu Sistemleri",,,https://baserelektrik.com/wp-content/uploads/2025/12/10393.jpg,,,,,,,,,0,,,,,,,,,,,,,,,,,,,,,,,,
59477,simple,,,"MAGBOX MAGROID TV STICK 16GB HDD 2GB RAM 4K TV BOX (ANDROID 10)",-1,0,visible,,,,,taxable,,1,,,0,0,,,,,1,,,"4231,8","Diğerleri, Elektronik, Elektronik > Uydu Sistemleri > Uydu Alıcılar, Elektronik > Uydu Sistemleri",,,https://baserelektrik.com/wp-content/uploads/2025/12/6253.jpg,,,,,,,,,0,,,,,,,,,,,,,,,,,,,,,,,,
59478,simple,,,"MAGBOX PLUTON S TKGSLİ YENİ MODEL KASALI FULL HD UYDU ALICISI (SCART+HD)(HDMI KABLO DAHİL)",-1,0,visible,,,,,taxable,,1,,,0,0,,,,,1,,,"1567,8","Diğerleri, Elektronik, Elektronik > Uydu Sistemleri > Uydu Alıcılar, Elektronik > Uydu Sistemleri",,,https://baserelektrik.com/wp-content/uploads/2025/12/2652.jpg,,,,,,,,,0,,,,,,,,,,,,,,,,,,,,,,,,
59479,simple,,,"BOTECH PIKO 800 IPTV DESTEKLİ TKGSLİ FULL HD MINI ÇANAKSIZ UYDU ALICISI",-1,0,visible,,,,,taxable,,1,,,0,0,,,,,1,,,"2457,9","Diğerleri, Elektronik, Elektronik > Uydu Sistemleri > Uydu Alıcılar, Elektronik > Uydu Sistemleri",,,https://baserelektrik.com/wp-content/uploads/2025/12/14380.jpg,,,,,,,,,0,,,,,,,,,,,,,,,,,,,,,,,,
59480,simple,,,"HIREMCO GT TURBO V8D+ HD IP TV PLUS ETHERNETLİ LINUX TABANLI DAHİLİ WİFİ FULL HD MİNİ UYDU ALICISI",-1,0,visible,,,,,taxable,,1,,,0,0,,,,,1,,,"5592,6","Diğerleri, Elektronik, Elektronik > Uydu Sistemleri > Uydu Alıcılar, Elektronik > Uydu Sistemleri",,,https://baserelektrik.com/wp-content/uploads/2025/12/18149.jpg,,,,,,,,,0,,,,,,,,,,,,,,,,,,,,,,,,
59481,simple,,,"MAG 324W2 LINUX TABANLI DAHİLİ WIFI FULL HD 3D DESTEKLİ IP BOX",-1,0,visible,,,,,taxable,,1,,,0,0,,,,,1,,,12051,"Diğerleri, Elektronik, Elektronik > Uydu Sistemleri > Uydu Alıcılar, Elektronik > Uydu Sistemleri",,,https://baserelektrik.com/wp-content/uploads/2025/12/18733.jpg,,,,,,,,,0,,,,,,,,,,,,,,,,,,,,,,,,
59498,simple,,,"MAGBOX MAGROID SCARLET 16 GB HDD 2 GB RAM 2.4G H313 CPU ANDROID TV BOX",-1,0,visible,,,,,taxable,,1,,,0,0,,,,,1,,,"2380,5","Diğerleri, Elektronik, Elektronik > Uydu Sistemleri > Uydu Alıcılar, Elektronik > Uydu Sistemleri",,,https://baserelektrik.com/wp-content/uploads/2025/12/26743-1.jpg,,,,,,,,,0,,,,,,,,,,,,,,,,,,,,,,,,
59499,simple,,,"MAGBOX SCART PLUS TKGSLİ MİNİ SD SCART UYDU ALICISI",-1,0,visible,,,,,taxable,,1,,,0,0,,,,,1,,,"959,4","Diğerleri, Elektronik, Elektronik > Uydu Sistemleri > Uydu Alıcılar, Elektronik > Uydu Sistemleri",,,https://baserelektrik.com/wp-content/uploads/2025/12/5839-1.jpg,,,,,,,,,0,,,,,,,,,,,,,,,,,,,,,,,,
59500,simple,,,"MİTE PLUTON TKGSLİ KASALI FULL HD UYDU ALICISI (SCART+HD+RCA)",-1,0,visible,,,,,taxable,,1,,,0,0,,,,,1,,,"1485,9","Diğerleri, Elektronik, Elektronik > Uydu Sistemleri > Uydu Alıcılar, Elektronik > Uydu Sistemleri",,,https://baserelektrik.com/wp-content/uploads/2025/12/22550.jpg,,,,,,,,,0,,,,,,,,,,,,,,,,,,,,,,,,
59501,simple,,,"RİOSAT M5 2GB RAM 16GB FLASH 64 BIT QUAD-CORE S905X 4K ANDROID 9 TV BOX",-1,0,visible,,,,,taxable,,1,,,0,0,,,,,1,,,"4850,1","Diğerleri, Elektronik, Elektronik > Uydu Sistemleri > Uydu Alıcılar, Elektronik > Uydu Sistemleri",,,https://baserelektrik.com/wp-content/uploads/2025/12/ResimYok.jpg,,,,,,,,,0,,,,,,,,,,,,,,,,,,,,,,,,
59502,simple,,,"RİOSAT SMART IPTV FULL HD 1080P YOUTUBE XTREAM 2GB RAM SMART AKILLI KUMANDALI UYDU ALICISI",-1,0,visible,,,,,taxable,,1,,,0,0,,,,,1,,,1989,"Diğerleri, Elektronik, Elektronik > Uydu Sistemleri > Uydu Alıcılar, Elektronik > Uydu Sistemleri",,,https://baserelektrik.com/wp-content/uploads/2025/12/21532.jpg,,,,,,,,,0,,,,,,,,,,,,,,,,,,,,,,,,
59503,simple,,,"FORMULER Z7+ 7.0 ANDROID 2 GB DDR4 RAM 8 GB DAHİLİ HAFIZA 4K TUNERSİZ TV BOX",-1,0,visible,,,,,taxable,,1,,,0,0,,,,,1,,,4680,"Diğerleri, Elektronik, Elektronik > Uydu Sistemleri > Uydu Alıcılar, Elektronik > Uydu Sistemleri",,,https://baserelektrik.com/wp-content/uploads/2025/12/19242.jpg,,,,,,,,,0,,,,,,,,,,,,,,,,,,,,,,,,
59504,simple,,,"MAGBOX NATURAL PLUS TKGSLİ + YOUTUBELU FULL HD + USB MİNİ HD UYDU ALICISI",-1,0,visible,,,,,taxable,,1,,,0,0,,,,,1,,,"1105,2","Diğerleri, Elektronik, Elektronik > Uydu Sistemleri > Uydu Alıcılar, Elektronik > Uydu Sistemleri",,,https://baserelektrik.com/wp-content/uploads/2025/12/6857.jpg,,,,,,,,,0,,,,,,,,,,,,,,,,,,,,,,,,
59505,simple,,,"MAGBOX T95 MAX 4 GB DDR3 RAM 32 GB HAFIZA DAHİLİ WİFİ NETFLIX 6K ANDROID TV BOX",-1,0,visible,,,,,taxable,,1,,,0,0,,,,,1,,,5724,"Diğerleri, Elektronik, Elektronik > Uydu Sistemleri > Uydu Alıcılar, Elektronik > Uydu Sistemleri",,,https://baserelektrik.com/wp-content/uploads/2025/12/2245.jpg,,,,,,,,,0,,,,,,,,,,,,,,,,,,,,,,,,
59528,simple,,,"MAGBOX T95 ZPLUS S912 2 GB DDR3 RAM 16 GB HAFIZA DAHİLİ WIFI NETFLIX 4K ANDROID TV BOX",-1,0,visible,,,,,taxable,,1,,,0,0,,,,,1,,,4680,"Diğerleri, Elektronik, Elektronik > Uydu Sistemleri > Uydu Alıcılar, Elektronik > Uydu Sistemleri",,,https://baserelektrik.com/wp-content/uploads/2025/12/2241.jpg,,,,,,,,,0,,,,,,,,,,,,,,,,,,,,,,,,
59529,simple,,,"HIREMCO TURBO S10 4GB DAHILI HAFIZA 1 GB RAM 1.6 GHZ İŞLEMCİ YOUTUBE-NETFLIX 4K FULL HD UYDU ALICISI",-1,0,visible,,,,,taxable,,1,,,0,0,,,,,1,,,"11185,2","Diğerleri, Elektronik, Elektronik > Uydu Sistemleri > Uydu Alıcılar, Elektronik > Uydu Sistemleri",,,https://baserelektrik.com/wp-content/uploads/2025/12/7820.jpg,,,,,,,,,0,,,,,,,,,,,,,,,,,,,,,,,,
59530,simple,,,"MAGBOX MAGROID U1 16GB HDD 2GB RAM 4K TV BOX (ANDROID 9.1)",-1,0,visible,,,,,taxable,,1,,,0,0,,,,,1,,,"4217,4","Diğerleri, Elektronik, Elektronik > Uydu Sistemleri > Uydu Alıcılar, Elektronik > Uydu Sistemleri",,,https://baserelektrik.com/wp-content/uploads/2025/12/6247.jpg,,,,,,,,,0,,,,,,,,,,,,,,,,,,,,,,,,
59531,simple,,,"RİOSAT RSD 800 MİNİ SD SCART UYDU ALICISI TKGSLİ",-1,0,visible,,,,,taxable,,1,,,0,0,,,,,1,,,"851,4","Diğerleri, Elektronik, Elektronik > Uydu Sistemleri > Uydu Alıcılar, Elektronik > Uydu Sistemleri",,,https://baserelektrik.com/wp-content/uploads/2025/12/5749.jpg,,,,,,,,,0,,,,,,,,,,,,,,,,,,,,,,,,
59532,simple,,,"BOTECH MİNİ SCART + HDMI UYDU ALICISI",-1,0,visible,,,,,taxable,,1,,,0,0,,,,,1,,,"1560,6","Diğerleri, Elektronik, Elektronik > Uydu Sistemleri > Uydu Alıcılar, Elektronik > Uydu Sistemleri",,,https://baserelektrik.com/wp-content/uploads/2025/12/5499.jpg,,,,,,,,,0,,,,,,,,,,,,,,,,,,,,,,,,
59533,simple,,,"10*24 SONLU UYDU SANTRALİ MAG PLATINUM",-1,0,visible,,,,,taxable,,1,,,0,0,,,,,1,,,"5691,6","Diğerleri, Elektronik, Elektronik > Uydu Sistemleri > Uydu Santralleri, Elektronik > Uydu Sistemleri",,,https://baserelektrik.com/wp-content/uploads/2025/12/10836.jpg,,,,,,,,,0,,,,,,,,,,,,,,,,,,,,,,,,
59534,simple,,,"10*32 SONLU UYDU SANTRALİ MAG PLATINUM",-1,0,visible,,,,,taxable,,1,,,0,0,,,,,1,,,"6563,7","Diğerleri, Elektronik, Elektronik > Uydu Sistemleri > Uydu Santralleri, Elektronik > Uydu Sistemleri",,,https://baserelektrik.com/wp-content/uploads/2025/12/10851.jpg,,,,,,,,,0,,,,,,,,,,,,,,,,,,,,,,,,
59535,simple,,,"10*8 SONLU UYDU SANTRALİ MAG PLATINUM",-1,0,visible,,,,,taxable,,1,,,0,0,,,,,1,,,"3428,1","Diğerleri, Elektronik, Elektronik > Uydu Sistemleri > Uydu Santralleri, Elektronik > Uydu Sistemleri",,,https://baserelektrik.com/wp-content/uploads/2025/12/10712.jpg,,,,,,,,,0,,,,,,,,,,,,,,,,,,,,,,,,
59536,simple,,,"10*12 SONLU UYDU SANTRALİ MAG PLATINUM",-1,0,visible,,,,,taxable,,1,,,0,0,,,,,1,,,4446,"Diğerleri, Elektronik, Elektronik > Uydu Sistemleri > Uydu Santralleri, Elektronik > Uydu Sistemleri",,,https://baserelektrik.com/wp-content/uploads/2025/12/10810.jpg,,,,,,,,,0,,,,,,,,,,,,,,,,,,,,,,,,
59537,simple,,,"10*16 KASKATLI UYDU SANTRALİ MAG PLATINUM",-1,0,visible,,,,,taxable,,1,,,0,0,,,,,1,,,"4598,1","Diğerleri, Elektronik, Elektronik > Uydu Sistemleri > Uydu Santralleri, Elektronik > Uydu Sistemleri",,,https://baserelektrik.com/wp-content/uploads/2025/12/10823.jpg,,,,,,,,,0,,,,,,,,,,,,,,,,,,,,,,,,
59538,simple,,,"10*16 SONLU UYDU SANTRALİ MAG PLATINUM",-1,0,visible,,,,,taxable,,1,,,0,0,,,,,1,,,"4598,1","Diğerleri, Elektronik, Elektronik > Uydu Sistemleri > Uydu Santralleri, Elektronik > Uydu Sistemleri",,,https://baserelektrik.com/wp-content/uploads/2025/12/10817.jpg,,,,,,,,,0,,,,,,,,,,,,,,,,,,,,,,,,
59561,simple,,,"10*20 SONLU UYDU SANTRALİ MAG PLATINUM",-1,0,visible,,,,,taxable,,1,,,0,0,,,,,1,,,"5253,3","Diğerleri, Elektronik, Elektronik > Uydu Sistemleri > Uydu Santralleri, Elektronik > Uydu Sistemleri",,,https://baserelektrik.com/wp-content/uploads/2025/12/10832.jpg,,,,,,,,,0,,,,,,,,,,,,,,,,,,,,,,,,
59562,simple,,,"10*24 KASKATLI UYDU SANTRALİ MAG PLATINUM",-1,0,visible,,,,,taxable,,1,,,0,0,,,,,1,,,"5691,6","Diğerleri, Elektronik, Elektronik > Uydu Sistemleri > Uydu Santralleri, Elektronik > Uydu Sistemleri",,,https://baserelektrik.com/wp-content/uploads/2025/12/10840.jpg,,,,,,,,,0,,,,,,,,,,,,,,,,,,,,,,,,
59563,simple,,,"10*32 KASKATLI UYDU SANTRALİ MAG PLATINUM",-1,0,visible,,,,,taxable,,1,,,0,0,,,,,1,,,"6563,7","Diğerleri, Elektronik, Elektronik > Uydu Sistemleri > Uydu Santralleri, Elektronik > Uydu Sistemleri",,,https://baserelektrik.com/wp-content/uploads/2025/12/10869.jpg,,,,,,,,,0,,,,,,,,,,,,,,,,,,,,,,,,
59564,simple,,,"10*40 KASKATLI UYDU SANTRALİ MAG PLATINUM",-1,0,visible,,,,,taxable,,1,,,0,0,,,,,1,,,"8897,4","Diğerleri, Elektronik, Elektronik > Uydu Sistemleri > Uydu Santralleri, Elektronik > Uydu Sistemleri",,,https://baserelektrik.com/wp-content/uploads/2025/12/10888.jpg,,,,,,,,,0,,,,,,,,,,,,,,,,,,,,,,,,
59565,simple,,,"10*8 KASKATLI UYDU SANTRALİ MAG PLATINUM",-1,0,visible,,,,,taxable,,1,,,0,0,,,,,1,,,"3428,1","Diğerleri, Elektronik, Elektronik > Uydu Sistemleri > Uydu Santralleri, Elektronik > Uydu Sistemleri",,,https://baserelektrik.com/wp-content/uploads/2025/12/10713.jpg,,,,,,,,,0,,,,,,,,,,,,,,,,,,,,,,,,
59566,simple,,,"10*40 SONLU UYDU SANTRALİ MAG PLATINUM",-1,0,visible,,,,,taxable,,1,,,0,0,,,,,1,,,"8897,4","Diğerleri, Elektronik, Elektronik > Uydu Sistemleri > Uydu Santralleri, Elektronik > Uydu Sistemleri",,,https://baserelektrik.com/wp-content/uploads/2025/12/10882.jpg,,,,,,,,,0,,,,,,,,,,,,,,,,,,,,,,,,
59567,simple,,,"10*48 SONLU UYDU SANTRALİ MAG PLATINUM",-1,0,visible,,,,,taxable,,1,,,0,0,,,,,1,,,"10939,5","Diğerleri, Elektronik, Elektronik > Uydu Sistemleri > Uydu Santralleri, Elektronik > Uydu Sistemleri",,,https://baserelektrik.com/wp-content/uploads/2025/12/10899.jpg,,,,,,,,,0,,,,,,,,,,,,,,,,,,,,,,,,
59568,simple,,,"10*56 SONLU UYDU SANTRALİ MAG PLATINUM",-1,0,visible,,,,,taxable,,1,,,0,0,,,,,1,,,"13127,4","Diğerleri, Elektronik, Elektronik > Uydu Sistemleri > Uydu Santralleri, Elektronik > Uydu Sistemleri",,,https://baserelektrik.com/wp-content/uploads/2025/12/32659.jpg,,,,,,,,,0,,,,,,,,,,,,,,,,,,,,,,,,
59569,simple,,,"10*64 SONLU UYDU SANTRALİ MAG PLATINUM",-1,0,visible,,,,,taxable,,1,,,0,0,,,,,1,,,"14004,9","Diğerleri, Elektronik, Elektronik > Uydu Sistemleri > Uydu Santralleri, Elektronik > Uydu Sistemleri",,,https://baserelektrik.com/wp-content/uploads/2025/12/10903.jpg,,,,,,,,,0,,,,,,,,,,,,,,,,,,,,,,,,
59570,simple,,,"10*12 KASKATLI UYDU SANTRALİ MAG PLATINUM",-1,0,visible,,,,,taxable,,1,,,0,0,,,,,1,,,4446,"Diğerleri, Elektronik, Elektronik > Uydu Sistemleri > Uydu Santralleri, Elektronik > Uydu Sistemleri",,,https://baserelektrik.com/wp-content/uploads/2025/12/10815.jpg,,,,,,,,,0,,,,,,,,,,,,,,,,,,,,,,,,
59571,simple,,,"10*20 KASKATLI UYDU SANTRALİ MAG PLATINUM",-1,0,visible,,,,,taxable,,1,,,0,0,,,,,1,,,"5253,3","Diğerleri, Elektronik, Elektronik > Uydu Sistemleri > Uydu Santralleri, Elektronik > Uydu Sistemleri",,,https://baserelektrik.com/wp-content/uploads/2025/12/10833.jpg,,,,,,,,,0,,,,,,,,,,,,,,,,,,,,,,,,
59591,simple,,,"10*48 KASKATLI UYDU SANTRALİ MAG PLATINUM",-1,0,visible,,,,,taxable,,1,,,0,0,,,,,1,,,"10939,5","Diğerleri, Elektronik, Elektronik > Uydu Sistemleri > Uydu Santralleri, Elektronik > Uydu Sistemleri",,,https://baserelektrik.com/wp-content/uploads/2025/12/10902.jpg,,,,,,,,,0,,,,,,,,,,,,,,,,,,,,,,,,
59592,simple,,,"10*56 KASKATLI UYDU SANTRALİ MAG PLATINUM",-1,0,visible,,,,,taxable,,1,,,0,0,,,,,1,,,"13127,4","Diğerleri, Elektronik, Elektronik > Uydu Sistemleri > Uydu Santralleri, Elektronik > Uydu Sistemleri",,,https://baserelektrik.com/wp-content/uploads/2025/12/32658.jpg,,,,,,,,,0,,,,,,,,,,,,,,,,,,,,,,,,
59593,simple,,,"10*64 KASKATLI UYDU SANTRALİ MAG PLATINUM",-1,0,visible,,,,,taxable,,1,,,0,0,,,,,1,,,"14004,9","Diğerleri, Elektronik, Elektronik > Uydu Sistemleri > Uydu Santralleri, Elektronik > Uydu Sistemleri",,,https://baserelektrik.com/wp-content/uploads/2025/12/10912.jpg,,,,,,,,,0,,,,,,,,,,,,,,,,,,,,,,,,
59594,simple,,,"10*72 KASKATLI UYDU SANTRALİ MAG PLATINUM",-1,0,visible,,,,,taxable,,1,,,0,0,,,,,1,,,"16485,3","Diğerleri, Elektronik, Elektronik > Uydu Sistemleri > Uydu Santralleri, Elektronik > Uydu Sistemleri",,,https://baserelektrik.com/wp-content/uploads/2025/12/32662.jpg,,,,,,,,,0,,,,,,,,,,,,,,,,,,,,,,,,
59595,simple,,,"10*72 SONLU UYDU SANTRALİ MAG PLATINUM",-1,0,visible,,,,,taxable,,1,,,0,0,,,,,1,,,"16485,3","Diğerleri, Elektronik, Elektronik > Uydu Sistemleri > Uydu Santralleri, Elektronik > Uydu Sistemleri",,,https://baserelektrik.com/wp-content/uploads/2025/12/32663.jpg,,,,,,,,,0,,,,,,,,,,,,,,,,,,,,,,,,
59596,simple,,,"10*80 KASKATLI UYDU SANTRALİ MAG PLATINUM",-1,0,visible,,,,,taxable,,1,,,0,0,,,,,1,,,"17941,5","Diğerleri, Elektronik, Elektronik > Uydu Sistemleri > Uydu Santralleri, Elektronik > Uydu Sistemleri",,,https://baserelektrik.com/wp-content/uploads/2025/12/18972.jpg,,,,,,,,,0,,,,,,,,,,,,,,,,,,,,,,,,
59597,simple,,,"10*80 SONLU UYDU SANTRALİ MAG PLATINUM",-1,0,visible,,,,,taxable,,1,,,0,0,,,,,1,,,"17941,5","Diğerleri, Elektronik, Elektronik > Uydu Sistemleri > Uydu Santralleri, Elektronik > Uydu Sistemleri",,,https://baserelektrik.com/wp-content/uploads/2025/12/18971.jpg,,,,,,,,,0,,,,,,,,,,,,,,,,,,,,,,,,
59598,simple,,,"17*32 SONLU UYDU SANTRALİ MAG PLATINUM",-1,0,visible,,,,,taxable,,1,,,0,0,,,,,1,,,"12109,5","Diğerleri, Elektronik, Elektronik > Uydu Sistemleri > Uydu Santralleri, Elektronik > Uydu Sistemleri",,,https://baserelektrik.com/wp-content/uploads/2025/12/7713.jpg,,,,,,,,,0,,,,,,,,,,,,,,,,,,,,,,,,
59599,simple,,,"17*32 KASKATLI UYDU SANTRALİ MAG PLATINUM",-1,0,visible,,,,,taxable,,1,,,0,0,,,,,1,,,"12109,5","Diğerleri, Elektronik, Elektronik > Uydu Sistemleri > Uydu Santralleri, Elektronik > Uydu Sistemleri",,,https://baserelektrik.com/wp-content/uploads/2025/12/8542.jpg,,,,,,,,,0,,,,,,,,,,,,,,,,,,,,,,,,
59600,simple,,,"14*24 SONLU UYDU SANTRALİ MERSAT",1,0,visible,,"<h2 data-path-to-node=""0"">Mersat 14x24 Uydu Santrali (Multiswitch) Ürün Özellikleri</h2>\n<p data-path-to-node=""1"">Mersat 14x24 sonlu uydu santrali, orta ve büyük ölçekli projelerinizde yüksek performanslı, kesintisiz bir uydu yayın deneyimi sunmak için tasarlanmıştır. Güçlü sinyal işleme kapasitesi ve dayanıklı donanım yapısı ile profesyonel çözümler arayanlar için idealdir.</p>\n\n<h3 data-path-to-node=""2"">Teknik Özellikler</h3>\n<ul data-path-to-node=""3"">\n 	<li>\n<p data-path-to-node=""3,0,0""><b data-path-to-node=""3,0,0"" data-index-in-node=""0"">Giriş Kapasitesi:</b> 14 giriş (12 uydu polaritesi + 1 karasal yayın/terrestrial girişi + 1 güç girişi).</p>\n</li>\n 	<li>\n<p data-path-to-node=""3,1,0""><b data-path-to-node=""3,1,0"" data-index-in-node=""0"">Çıkış Kapasitesi:</b> 24 bağımsız kullanıcı çıkışı.</p>\n</li>\n 	<li>\n<p data-path-to-node=""3,2,0""><b data-path-to-node=""3,2,0"" data-index-in-node=""0"">Yüksek Verimlilik:</b> Düşük sinyal kaybı ve yüksek izolasyon değerleri sayesinde yayınlarda donma veya takılma yaşanmaz.</p>\n</li>\n 	<li>\n<p data-path-to-node=""3,3,0""><b data-path-to-node=""3,3,0"" data-index-in-node=""0"">Geniş Uyumluluk:</b> Quattro LNB kullanımı ile uyumludur; tüm dijital uydu alıcıları ile sorunsuz çalışır.</p>\n</li>\n 	<li>\n<p data-path-to-node=""3,4,0""><b data-path-to-node=""3,4,0"" data-index-in-node=""0"">Dayanıklı Tasarım:</b> Uzun ömürlü kullanım için tasarlanmış metal gövde, ısınmaya karşı yüksek dayanıklılık gösterir.</p>\n</li>\n 	<li>\n<p data-path-to-node=""3,5,0""><b data-path-to-node=""3,5,0"" data-index-in-node=""0"">Besleme:</b> Düşük güç tüketimi ile enerji tasarrufu sağlar.</p>\n</li>\n</ul>\n<h3 data-path-to-node=""4"">Neden Mersat 14x24?</h3>\n<ul data-path-to-node=""5"">\n 	<li>\n<p data-path-to-node=""5,0,0""><b data-path-to-node=""5,0,0"" data-index-in-node=""0"">Kullanıcı Bağımsızlığı:</b> 24 farklı daire veya kullanıcı, aynı anda farklı kanal ve frekansları bağımsız olarak izleyebilir.</p>\n</li>\n 	<li>\n<p data-path-to-node=""5,1,0""><b data-path-to-node=""5,1,0"" data-index-in-node=""0"">Tak-Çalıştır Kurulum:</b> Kullanıcı dostu arayüzü ve kablo bağlantı dizilimi sayesinde montaj süreci hızlı ve kolaydır.</p>\n</li>\n 	<li>\n<p data-path-to-node=""5,2,0""><b data-path-to-node=""5,2,0"" data-index-in-node=""0"">Profesyonel Yayın Kalitesi:</b> Full HD, 4K ve yüksek çözünürlüklü yayınları kayıpsız bir şekilde tüm çıkışlara dağıtır.</p>\n</li>\n 	<li>\n<p data-path-to-node=""5,3,0""><b data-path-to-node=""5,3,0"" data-index-in-node=""0"">Uzun Ömürlü Yatırım:</b> Kaliteli komponent yapısı sayesinde zorlu çevre koşullarında bile istikrarlı performansını korur.</p>\n</li>\n</ul>\n<p data-path-to-node=""7""><b data-path-to-node=""7"" data-index-in-node=""0"">Kullanım Alanları:</b></p>\n\n<ul data-path-to-node=""8"">\n 	<li>\n<p data-path-to-node=""8,0,0"">Apartmanlar ve toplu konut projeleri.</p>\n</li>\n 	<li>\n<p data-path-to-node=""8,1,0"">Oteller, hastaneler ve ticari binalar.</p>\n</li>\n 	<li>\n<p data-path-to-node=""8,2,0"">Merkezi uydu sistemine geçiş yapmak isteyen çok haneli yapılar.</p>\n</li>\n</ul>",,,taxable,,1,21,,0,0,,,,,1,,,"12291,3","Diğerleri, Elektronik, Elektronik > Uydu Sistemleri > Uydu Santralleri, Elektronik > Uydu Sistemleri",,,https://baserelektrik.com/wp-content/uploads/2025/12/32421.jpg,,,,,,,,,0,,default,,,,,,,,,auto,disable,standard,0,inherit,inherit,inherit,inherit,inherit,,,,60,2
